{
  "waf_rules": {
    "description": "Cloudflare WAF Rules for J&T&C Fashion E-commerce",
    "rules": [
      {
        "name": "Block Known Bad IPs",
        "expression": "(ip.src in $bad_ips)",
        "action": "block",
        "description": "Block traffic from known malicious IP addresses"
      },
      {
        "name": "Rate Limit API Endpoints",
        "expression": "(http.request.uri.path matches \"^/api/.*\")",
        "action": "rate_limit",
        "rate_limit": {
          "threshold": 100,
          "period": 60,
          "action": "challenge"
        },
        "description": "Rate limit API endpoints to prevent abuse"
      },
      {
        "name": "Block SQL Injection Attempts",
        "expression": "(http.request.uri.query contains \"union select\" or http.request.uri.query contains \"drop table\" or http.request.uri.query contains \"insert into\" or http.request.body contains \"union select\" or http.request.body contains \"drop table\")",
        "action": "block",
        "description": "Block common SQL injection patterns"
      },
      {
        "name": "Block XSS Attempts",
        "expression": "(http.request.uri.query contains \"<script\" or http.request.uri.query contains \"javascript:\" or http.request.body contains \"<script\" or http.request.body contains \"javascript:\")",
        "action": "block",
        "description": "Block cross-site scripting attempts"
      },
      {
        "name": "Challenge Suspicious User Agents",
        "expression": "(http.user_agent contains \"bot\" and not http.user_agent contains \"googlebot\" and not http.user_agent contains \"bingbot\")",
        "action": "challenge",
        "description": "Challenge suspicious bot traffic"
      },
      {
        "name": "Block File Upload Attacks",
        "expression": "(http.request.uri.path contains \"upload\" and http.request.method eq \"POST\" and http.request.body contains \".php\" or http.request.body contains \".exe\" or http.request.body contains \".sh\")",
        "action": "block",
        "description": "Block malicious file upload attempts"
      },
      {
        "name": "Protect Admin Areas",
        "expression": "(http.request.uri.path matches \"^/admin.*\" and not ip.src in $admin_ips)",
        "action": "challenge",
        "description": "Extra protection for admin areas"
      },
      {
        "name": "Block Brute Force Login",
        "expression": "(http.request.uri.path eq \"/login\" and http.request.method eq \"POST\")",
        "action": "rate_limit",
        "rate_limit": {
          "threshold": 5,
          "period": 300,
          "action": "block"
        },
        "description": "Prevent brute force login attempts"
      },
      {
        "name": "Geographic Restrictions",
        "expression": "(ip.geoip.country in {\"CN\" \"RU\" \"KP\"})",
        "action": "challenge",
        "description": "Challenge traffic from high-risk countries"
      },
      {
        "name": "Block Directory Traversal",
        "expression": "(http.request.uri.path contains \"../\" or http.request.uri.path contains \"..\\\\\")",
        "action": "block",
        "description": "Block directory traversal attempts"
      }
    ],
    "ip_lists": {
      "bad_ips": {
        "name": "Known Bad IPs",
        "description": "List of known malicious IP addresses",
        "items": []
      },
      "admin_ips": {
        "name": "Admin IP Whitelist",
        "description": "Trusted IP addresses for admin access",
        "items": [
          "YOUR_OFFICE_IP/32",
          "YOUR_HOME_IP/32"
        ]
      }
    },
    "page_rules": [
      {
        "url": "*.your-domain.com/*",
        "settings": {
          "security_level": "high",
          "cache_level": "aggressive",
          "browser_cache_ttl": 31536000,
          "edge_cache_ttl": 7200
        }
      },
      {
        "url": "your-domain.com/api/*",
        "settings": {
          "security_level": "high",
          "cache_level": "bypass"
        }
      }
    ]
  }
}